datetime,Car_volume,2W_volume,3W_volume,Bus_volume,LCV_volume,Truck_volume,Cyc_volume,Car_speed,2W_speed,3W_speed,Bus_speed,LCV_speed,Truck_speed,Cyc_speed
24-02-2020 08:35,295,185,115,16,4,1,4,27.63,33.16,31.09,18.44,28.32,14.21,9.03
24-02-2020 08:40,285,170,109,13,4,2,5,28.42,28.03,28.81,20.53,23.28,24.55,15.06
24-02-2020 08:45,263,159,98,20,5,1,4,30.19,31.83,29.56,20.1,17.53,23.48,13.87
24-02-2020 08:50,339,195,143,19,3,1,5,20.98,29.03,24.05,15.72,18.75,16.07,9.12
24-02-2020 08:55,265,207,131,14,3,2,4,31.4,41.97,32.27,19.71,22.31,22.78,14.29
24-02-2020 09:05,317,243,136,22,9,1,4,22.73,30.54,23.4,19.64,21.69,19.85,16.07
24-02-2020 09:10,307,214,120,14,1,0,5,33.58,35.53,31.25,17.36,21.43,19.85,14.52
24-02-2020 09:15,314,226,121,15,1,3,5,27.89,30.27,25.86,19.97,21.77,27.27,12.09
24-02-2020 09:20,303,258,114,18,4,0,1,27.55,32.93,34.09,19.79,23.28,12.5,16.46
24-02-2020 09:25,318,254,120,21,2,2,4,26.79,29.87,30.34,20.45,20.56,20.15,8.68
24-02-2020 09:35,298,244,136,14,5,6,4,27.02,31.4,28.52,18.05,25.23,18.49,13.46
24-02-2020 09:40,306,224,116,9,1,2,4,26.16,32.3,27.66,16.92,25.47,10.59,7.96
24-02-2020 09:45,303,240,117,19,5,2,6,24.73,29.74,31.84,20.64,18.49,21.2,9.48
24-02-2020 09:50,308,256,114,20,5,1,5,27.66,35.53,28.6,18.85,25.16,22.69,9.88
24-02-2020 09:55,288,280,134,19,5,0,4,25.57,30.82,28.36,19.4,24.46,22.69,14.71
24-02-2020 10:05,281,230,138,23,2,1,6,32.3,29.22,30,19.34,22.88,22.5,10.98
24-02-2020 10:10,288,204,142,18,2,1,5,30.96,29.87,29.87,19.62,19.01,22.88,12.13
24-02-2020 10:15,270,206,108,18,4,3,4,25.19,30.54,31.25,18.6,23.28,22.88,11.49
24-02-2020 10:20,376,248,170,12,3,1,5,21.84,25.19,24.02,18.95,20.15,17.16,12.78
24-02-2020 10:25,295,238,142,22,6,2,4,26.79,29.09,27.33,18,22.59,16.07,13.57
24-02-2020 10:35,282,218,110,16,2,2,3,26.89,34.09,30.13,19.97,22.45,20.56,12.62
24-02-2020 10:40,318,221,112,21,4,1,4,25.96,20.64,23.28,17.31,21.86,12.62,9.44
24-02-2020 10:45,278,196,122,17,4,3,3,23.04,29.48,21.29,17.98,18.58,17.69,7.85
24-02-2020 10:50,276,182,116,19,1,2,3,25.86,33.58,31.58,17.05,28.13,15.17,7.85
24-02-2020 10:55,280,190,128,30,4,4,4,22.06,30.27,19.85,13.55,22.13,15.13,6.31
24-02-2020 16:35,292,138,90,21,11,6,4,18.908,29.284,19.853,15,19.014,15.661,12.5
24-02-2020 16:40,277,154,98,17,10,2,0,22.67,22.881,20.833,17.035,16.413,22.881,12.5
24-02-2020 16:45,278,140,98,18,12,2,0,23.852,25,26.786,16.119,22.5,20.611,12.5
24-02-2020 16:50,273,126,88,26,9,1,1,22.727,29.348,23.276,19.452,17.532,14.362,12.5
24-02-2020 16:55,310,146,104,12,18,9,1,27.108,27.893,26.866,16.615,23.276,18.145,12.5
24-02-2020 17:05,264,147,83,18,13,0,4,27.551,29.476,27.218,17.089,25.281,19.014,12.939
24-02-2020 17:10,256,168,86,23,12,2,5,27.439,25.093,26.892,18.646,23.684,22.5,12.939
24-02-2020 17:15,286,133,69,16,12,3,5,26.163,34.439,26.786,17.763,21.892,21.176,11.111
24-02-2020 17:20,308,136,80,15,9,2,2,23.684,25.862,18.392,17.143,20.149,17.881,11.538
24-02-2020 17:25,306,161,101,13,7,4,3,25.665,28.602,24.725,15.446,21.012,17.763,9.122
24-02-2020 17:35,278,154,72,17,6,6,5,25.472,24.816,24.107,18.802,22.689,21.845,12.981
24-02-2020 17:40,316,170,88,20,4,2,2,21.635,30.682,22.131,18.409,22.5,20,12.981
24-02-2020 17:45,258,152,70,13,5,5,2,22.351,33.92,23.356,19.286,23.276,17.798,12.981
24-02-2020 17:50,296,167,67,23,7,4,1,30.682,32.452,32.609,18.06,26.299,22.881,14.674
24-02-2020 17:55,277,147,80,10,4,7,2,30.269,26.786,29.221,20.706,19.194,20.963,13.043
24-02-2020 18:05,314,171,90,21,6,5,3,26.892,26.575,25.281,17.578,22.314,17.419,14.516
24-02-2020 18:10,314,168,76,17,1,1,6,23.437,34.794,28.008,18.75,17.532,30.682,20.149
24-02-2020 18:15,302,156,85,19,4,3,2,27.551,30.963,24.324,15.101,30.682,25.472,16.2
24-02-2020 18:20,279,193,82,26,6,2,4,24.368,33.416,25.962,19.756,16.805,15.341,17.089
24-02-2020 18:25,316,185,78,22,2,3,5,23.377,28.602,22.575,17.308,24.107,21.429,12.5
24-02-2020 18:35,339,188,71,5,3,0,2,28.723,31.84,29.867,16.304,14.835,23.077,15.517
24-02-2020 18:40,306,156,82,12,9,2,1,25.093,31.106,28.481,17.487,25.116,19.66,19.853
24-02-2020 18:45,269,154,76,11,3,3,0,26.163,32.143,28.008,16.008,20,25.472,16.071
24-02-2020 18:50,255,181,82,9,13,3,2,25.187,30.337,32.452,20.769,29.348,20.558,15.698
24-02-2020 18:55,297,191,71,16,3,2,1,22.959,33.416,26.163,18.392,17.397,21.862,19.853
24-02-2020 08:35,180,83,62,21,7,2,3,34.483,51.136,30.033,13.713,30.578,25.653,13.579
24-02-2020 08:40,169,70,60,22,3,1,6,31.991,44.925,31.877,13.875,28.774,12.888,13.248
24-02-2020 08:45,176,100,84,20,6,1,2,36.536,45.685,24.545,16.024,24.412,12.827,15.836
24-02-2020 08:50,174,89,80,23,5,1,3,39.941,42.789,32.688,14.501,27.136,32.927,13.556
24-02-2020 08:55,161,94,81,11,6,1,3,44.481,43.062,34.483,13.554,32.53,26.087,17.197
24-02-2020 09:05,190,106,83,14,8,2,5,35.433,42.654,38.571,20.331,24.954,25.532,15.237
24-02-2020 09:10,193,122,82,19,6,2,2,39.359,33.499,28.451,15.177,25.116,22.314,12.04
24-02-2020 09:15,193,121,75,20,3,1,3,34.395,37.604,26.29,16.187,28.571,21.687,16.135
24-02-2020 09:20,204,133,74,22,3,3,2,32.413,39.706,29.476,12.956,22.5,23.077,13.317
24-02-2020 09:25,211,143,99,11,3,2,2,38.462,46.957,24.064,12.808,25.714,20.532,15.906
24-02-2020 09:35,240,142,87,16,2,4,4,34.794,39.244,30.405,14.868,26.214,21.6,14.784
24-02-2020 09:40,218,166,96,20,8,4,5,41.475,45.84,33.21,18.724,26.759,26.799,16.187
24-02-2020 09:45,202,153,96,19,4,1,3,28.541,44.19,30.303,15.033,25.653,20.849,15.78
24-02-2020 09:50,226,166,121,16,3,2,3,30.682,42.188,26.341,13.629,22.314,21.176,11.655
24-02-2020 09:55,244,210,109,14,1,4,1,32.105,31.765,26.112,15.05,20.769,21.26,13.466
24-02-2020 10:05,217,194,101,17,4,3,3,28.785,32.181,32.727,13.776,18.865,20.377,11.825
24-02-2020 10:10,188,143,108,8,3,0,3,40.971,43.548,37.293,14.188,27.787,20.377,13.929
24-02-2020 10:15,216,189,101,26,0,1,1,23.831,33.088,22.333,15.341,27.835,15.698,20.611
24-02-2020 10:20,240,195,112,14,3,1,1,31.877,32.413,30.033,11.754,31.034,20.769,20.93
24-02-2020 10:25,216,178,93,16,2,4,3,38.737,39.823,29.508,20.817,32.727,28.125,15.169
24-02-2020 10:35,196,184,105,18,1,3,2,30.067,47.703,31.432,15.22,34.395,23.581,16.413
24-02-2020 10:40,239,186,95,19,2,3,4,32.413,35.433,25.568,12.048,17.561,20.637,13.091
24-02-2020 10:45,219,165,105,16,5,3,1,34.177,36.145,30.578,15.652,26.062,21.066,14.876
24-02-2020 10:50,225,172,100,11,5,7,2,31.991,30.44,29.801,12.57,3.899,22.785,10.537
24-02-2020 10:55,234,175,104,13,7,6,4,30.1,36.936,24.194,14.196,27.495,19.897,12.639
24-02-2020 16:35,201,156,73,10,21,1,1,39.589,43.831,30.822,16.494,37.344,29.032,11.227
24-02-2020 16:40,216,164,70,11,20,3,1,32.374,37.975,32.297,12.262,26.037,17.647,11.227
24-02-2020 16:45,222,201,81,14,22,4,1,28.877,31.616,28.272,13.889,26.654,24.027,12.442
24-02-2020 16:50,202,169,75,15,22,2,2,28.754,31.802,30.717,13.547,30.963,24.379,16.796
24-02-2020 16:55,232,156,76,23,23,2,2,27.273,30.999,27.328,13.52,25.234,25.532,14.026
24-02-2020 17:05,301,180,71,18,17,2,5,25.472,32.143,23.336,14.107,26.419,23.736,14.795
24-02-2020 17:10,279,168,103,17,13,5,4,28.693,29.284,23.936,15.411,27.218,21.809,13.981
24-02-2020 17:15,277,223,74,21,17,4,1,25.962,30.578,24.816,8.973,25.937,23.478,20.849
24-02-2020 17:20,261,188,74,20,11,4,5,27.692,35.202,29.67,16.907,30.474,23.028,9.854
24-02-2020 17:25,251,182,81,10,21,5,4,27.721,36.048,19.679,13.38,24.107,22.959,12.047
24-02-2020 17:35,306,222,107,16,2,6,5,18.544,30.168,22.67,11.889,16.928,18.256,17.51
24-02-2020 17:40,276,172,82,16,9,2,3,26.946,32.413,21.774,11.973,27.636,16.024,10.946
24-02-2020 17:45,310,203,83,13,7,5,3,24.434,29.54,23.726,14.362,22.651,17.024,11.266
24-02-2020 17:50,274,226,71,21,4,6,4,25.14,32.413,23.296,12.334,19.481,18.355,16.083
24-02-2020 17:55,289,199,80,10,8,2,3,24.021,28.571,26.601,13.86,21.48,22.314,15.713
24-02-2020 18:05,283,206,76,18,7,4,5,27.749,32.413,24.954,13.113,25.448,18.766,13.961
24-02-2020 18:10,294,214,88,17,3,0,4,27.495,29.933,26.68,12.766,25,18.766,13.882
24-02-2020 18:15,390,229,101,23,7,4,2,18.493,21.987,20.706,11.709,20.255,19.031,15.675
24-02-2020 18:20,349,234,94,22,4,7,7,20.826,27.567,24.135,12.104,22.208,18.225,13.379
24-02-2020 18:25,356,246,108,18,5,7,7,20.715,27.16,22.835,12.634,22.539,18.531,13.049
24-02-2020 18:35,346,242,96,8,5,7,7,21.267,27.583,23.899,13.913,22.519,18.712,12.856
24-02-2020 18:40,304,257,81,9,7,7,7,23.526,26.757,24.761,13.715,23.05,18.662,12.758
24-02-2020 18:45,283,239,73,7,3,4,4,25.062,27.597,25.039,14.184,21.938,19.41,13.916
24-02-2020 18:50,276,226,81,7,8,4,4,25.624,28.478,24.561,14.294,23.432,19.443,13.712
24-02-2020 18:55,292,221,69,10,3,3,3,24.289,28.838,25.705,13.697,21.733,19.404,14.265
25-02-2020 08:35,237,140,86,19,2,1,4,31.69,35.526,31.25,17.363,22.268,28.723,10.602
25-02-2020 08:40,278,162,90,24,9,2,5,30.134,36.885,30.963,20.963,20.074,27,9.247
25-02-2020 08:45,303,169,105,16,6,3,5,28.97,37.921,32.927,20.769,23.478,21.204,12.442
25-02-2020 08:50,321,226,129,15,5,2,7,30.682,33.75,30.822,16.304,24.885,17.308,12.19
25-02-2020 08:55,249,181,115,15,2,1,6,29.867,39.706,31.991,19.853,27,27,11.842
25-02-2020 09:05,288,214,102,13,4,4,10,30.822,35.904,33.088,18.961,26.341,19.951,11.947
25-02-2020 09:10,300,230,105,20,2,1,5,26.786,31.991,30.269,18.243,22.689,19.286,13.99
25-02-2020 09:15,306,246,146,11,8,4,5,28.361,34.264,28.97,20.074,22.575,19.104,11.035
25-02-2020 09:20,287,201,110,16,3,4,8,29.736,33.92,27.893,18.802,23.077,27.365,11.605
25-02-2020 09:25,271,221,97,28,2,3,7,27,36.885,25.763,18.145,26.214,20.149,14.835
25-02-2020 09:35,342,255,127,22,3,3,5,18.392,25.093,25.187,15.808,14.014,21.429,11.605
25-02-2020 09:40,343,267,141,19,3,2,3,18.908,27.218,23.684,16.791,25,16.564,11.638
25-02-2020 09:45,252,263,119,22,4,2,6,30.269,34.264,30.682,20.769,26.733,18.75,12.796
25-02-2020 09:50,240,241,123,14,5,2,8,30.963,37.088,31.395,19.853,24.658,27,13.846
25-02-2020 09:55,285,235,119,23,2,2,3,30,36.29,28.481,18.908,11.538,18.493,9.122
25-02-2020 10:05,265,209,124,18,1,5,6,28.243,32.927,32.452,18.097,19.014,21.094,13.107
25-02-2020 10:10,261,218,117,30,5,1,3,29.605,32.609,31.106,19.341,21.204,22.881,12.981
25-02-2020 10:15,268,231,110,19,2,5,5,26.265,29.867,24.793,13.918,17.419,20.571,9.552
25-02-2020 10:20,292,271,112,13,5,4,6,27,36.486,28.008,20.611,22.376,18.802,11.043
25-02-2020 10:25,280,207,138,16,5,1,5,28.361,33.75,27.551,18.367,26.786,20.769,11.473
25-02-2020 10:35,266,217,93,23,7,3,4,27.664,30.682,27.551,17.624,18.75,18.493,9.441
25-02-2020 10:40,282,214,103,21,6,1,1,22.881,29.605,31.69,20.579,25.568,18.75,16.071
25-02-2020 10:45,294,209,116,24,5,5,2,23.438,34.091,29.189,14.026,20,24.324,12.5
25-02-2020 10:50,248,233,118,24,3,3,2,24.725,36.685,29.095,16.875,23.894,20.984,10.672
25-02-2020 10:55,261,217,96,30,2,3,2,27.328,31.106,32.609,16.544,24.545,20.769,12.857
25-02-2020 16:35,296,130,89,23,18,4,0,23.038,29.736,24.771,18,19.565,18.855,10.075
25-02-2020 16:40,326,150,81,21,17,8,0,21.497,25.21,22.154,9.897,20.93,13.918,10.075
25-02-2020 16:45,316,131,89,20,24,5,3,17.952,18.908,18.646,8.477,13.075,10.568,10.075
25-02-2020 16:50,332,162,78,15,28,6,1,25.592,25.714,25.116,14.026,19.708,19.014,10.075
25-02-2020 16:55,321,153,80,19,16,10,3,21.635,27.439,28.243,17.219,20.089,18.75,7.068
25-02-2020 17:05,291,128,75,19,15,5,1,27.108,32.297,25.665,17.905,21.845,17.176,9.184
25-02-2020 17:10,290,130,78,25,7,5,1,23.116,30.963,24.725,16.033,17.841,17.851,12.981
25-02-2020 17:15,309,169,77,18,15,4,4,25.962,28.97,24.545,12.477,26.265,10.345,13.619
25-02-2020 17:20,318,168,75,14,10,3,1,28.243,32.143,25.281,18.646,19.452,19.104,10.405
25-02-2020 17:25,323,182,103,20,10,5,3,15.698,23.684,19.341,10.905,20.833,13.602,11.313
25-02-2020 17:35,280,156,82,19,8,5,5,27.328,33.088,19.537,16.626,22.5,20.706,14.439
25-02-2020 17:40,304,139,82,9,6,4,1,29.736,29.221,31.25,19.565,22.5,20.074,12.5
25-02-2020 17:45,331,151,56,15,6,1,3,19.97,25.665,20.089,14.835,23.581,15.976,10.887
25-02-2020 17:50,326,192,88,13,12,3,5,25,29.476,25.665,16.77,17.308,18,11.066
25-02-2020 17:55,334,143,76,10,2,3,4,27.108,36.486,31.542,17.219,23.684,13.545,9.184
25-02-2020 18:05,295,154,72,19,5,3,2,23.038,32.452,28.481,13.184,19.622,18.326,12.217
25-02-2020 18:10,399,138,69,10,5,1,4,21.531,26.892,21.361,10.817,16.413,11.842,9.951
25-02-2020 18:15,325,174,83,24,4,3,3,21.951,24.434,21.687,15.652,17.609,12.273,9.89
25-02-2020 18:20,320,175,82,21,4,1,7,22.727,31.69,24.545,15.376,16.071,14.516,12.31
25-02-2020 18:25,334,181,84,16,15,3,2,21.497,29.476,22.5,13.314,22.351,13.366,12.617
25-02-2020 18:35,293,169,84,18,4,1,4,25.813,30.963,24.021,15.499,18.75,14.516,7.552
25-02-2020 18:40,295,156,59,25,3,5,1,17.263,23.276,20.93,12.664,23.894,11.773,6.995
25-02-2020 18:45,311,167,74,22,6,6,1,18.544,22.538,17.308,10.345,21.316,17.59,9.643
25-02-2020 18:50,295,171,66,18,6,3,3,19.341,24.545,23.176,14.211,17.308,15.254,10.858
25-02-2020 18:55,302,188,88,12,5,2,5,20.769,28.008,22.727,15.845,20,16.667,9.609
25-02-2020 08:35,195,74,69,19,6,1,4,29.189,35.762,26.733,14.876,22.785,22.979,14.958
25-02-2020 08:40,151,80,66,18,6,4,7,33.962,34.177,31.953,14.835,30,24.434,14.173
25-02-2020 08:45,154,88,58,16,5,2,2,36.735,35.762,27.411,14.795,24.545,23.276,11.714
25-02-2020 08:50,179,80,6,28,8,3,1,25,30.337,26.601,15.929,18.947,27,17.197
25-02-2020 08:55,197,90,74,15,5,3,2,33.75,34.177,30.857,14.714,22.881,26.214,13.671
25-02-2020 09:05,216,99,81,21,6,2,3,22.689,34.839,22.5,13.107,17.363,24.324,11.921
25-02-2020 09:10,217,121,96,16,3,2,2,24.107,36.242,25.116,14.211,21.687,19.78,14.136
25-02-2020 09:15,178,114,92,19,3,4,4,26.341,30.168,22.5,12.796,27.692,24.324,10.445
25-02-2020 09:20,212,117,72,22,3,4,5,25.234,31.765,22.785,15.126,19.636,20.225,12.162
25-02-2020 09:25,202,139,84,17,5,3,7,29.032,31.579,20,16.413,25.116,20.149,13.043
25-02-2020 09:35,183,148,86,26,4,2,4,28.125,35.526,21.429,15.743,20.769,20.074,11.043
25-02-2020 09:40,190,146,82,13,5,6,2,27.692,31.765,31.579,14.477,18.367,20.849,10.247
25-02-2020 09:45,210,160,93,15,5,3,3,25.352,28.571,26.601,15.297,27,23.789,13.671
25-02-2020 09:50,241,171,105,28,3,5,1,26.341,31.579,17.532,13.333,22.222,24,14.211
25-02-2020 09:55,226,198,117,20,7,3,3,29.508,29.032,21.6,14.876,22.041,22.041,19.636
25-02-2020 10:05,239,171,100,20,6,2,6,26.866,28.723,24.324,13.139,18.685,21.176,13.953
25-02-2020 10:10,243,157,99,22,4,2,5,30.508,36.735,22.131,13.602,22.222,24.107,14.136
25-02-2020 10:15,228,187,94,10,4,4,1,25.234,28.421,26.601,10.865,26.341,20.301,7.287
25-02-2020 10:20,221,196,100,19,4,2,5,25.592,29.67,24.545,14.136,21.514,24.215,12.676
25-02-2020 10:25,212,174,97,17,6,3,2,29.032,31.953,25.116,13.918,21.687,22.5,11.868
25-02-2020 10:35,221,167,109,15,5,4,0,26.087,25.837,24,14.876,24,18.621,14.286
25-02-2020 10:40,191,178,95,14,2,2,1,31.579,20.93,27.979,15.517,32.335,16.875,13.171
25-02-2020 10:45,233,162,94,21,2,3,1,25.837,29.508,23.276,13.333,31.953,23.276,20.93
25-02-2020 10:50,175,182,86,21,3,2,3,29.67,28.272,25.592,12.706,18.493,22.5,12.273
25-02-2020 10:55,202,162,87,17,3,3,2,18.947,30,22.689,12.981,25.962,17.252,21.176
25-02-2020 16:35,220,166,100,22,9,12,3,29.189,29.032,30.337,15.607,27.411,17.532,23.581
25-02-2020 16:40,222,175,93,20,10,2,3,27.411,32.927,30.682,11.868,27.692,23.377,12.329
25-02-2020 16:45,189,128,63,21,26,8,1,28.125,26.341,26.214,13.171,24.658,18.43,32.335
25-02-2020 16:50,228,143,95,24,12,12,3,24.215,24.324,26.341,13.333,25.472,19.853,13.918
25-02-2020 16:55,234,150,85,18,4,2,3,26.341,31.579,28.877,13.776,25.962,20.149,18.06
25-02-2020 17:05,197,133,97,12,5,4,2,27.411,31.579,26.214,13.671,28.421,21.862,12.329
25-02-2020 17:10,240,164,91,15,12,4,8,30.508,37.241,24.324,11.688,24.434,16.168,12.919
25-02-2020 17:15,267,222,106,12,9,1,5,24.215,24.324,21.514,13.636,18.43,16.168,12.676
25-02-2020 17:20,241,231,54,18,8,2,3,32.143,33.129,26.087,14.099,25.592,20.377,14.477
25-02-2020 17:25,271,199,86,21,12,1,6,26.471,30,25.234,11.416,27.273,26.341,13.882
25-02-2020 17:35,302,201,80,17,8,3,4,23.894,27.979,25.116,13.4,19.565,20.225,13.882
25-02-2020 17:40,322,202,90,20,11,1,5,21.862,28.723,22.5,13.4,15.562,23.894,14.4
25-02-2020 17:45,337,186,74,15,9,3,6,23.789,28.571,26.341,13.776,25.962,20,14.286
25-02-2020 17:50,318,227,80,17,10,4,2,22.407,27.835,21.514,12.329,25.962,15.429,13.568
25-02-2020 17:55,358,236,93,14,8,1,4,25.472,31.579,25.352,11.613,21.176,25.714,13.882
25-02-2020 18:05,277,176,83,19,7,3,2,23.684,29.348,22.689,14.324,22.041,20.377,13.568
25-02-2020 18:10,339,202,81,17,11,3,2,25.962,25.962,20.69,11.921,23.276,16.168,12.217
25-02-2020 18:15,338,233,95,29,16,1,2,26.087,31.579,22.407,13.012,25.352,28.125,14.477
25-02-2020 18:20,263,214,80,22,15,4,5,27.411,29.508,25.116,15.562,21.774,19.565,12.617
25-02-2020 18:25,277,223,76,10,14,4,8,22.881,24.771,27.551,11.638,20,18.621,14.248
25-02-2020 18:35,300,225,85,17,8,2,2,25.714,31.214,25.962,13.706,20.532,26.341,10.931
25-02-2020 18:40,258,204,69,13,12,2,1,29.032,31.579,32.727,12.217,21.26,21.344,13.333
25-02-2020 18:45,258,220,67,15,10,1,2,22.594,24.658,20.769,12.19,18.243,12.676,15.126
25-02-2020 18:50,258,193,78,11,3,1,8,24.771,34.615,24.885,13.268,26.087,25.592,14.4
25-02-2020 18:55,258,184,60,20,3,2,7,28.272,30.168,25.352,14.835,23.176,21.862,10.247
26-02-2020 08:35,263,145,96,17,2,2,6,36.096,39.416,32.143,21.774,26.866,25,9.485
26-02-2020 08:40,241,159,90,19,3,1,2,26.471,32.143,33.582,20.455,25.714,25.472,12.273
26-02-2020 08:45,327,162,105,12,8,2,7,27.664,35.34,29.189,15.283,25.763,21.26,16.564
26-02-2020 08:50,326,179,102,17,4,1,8,25.093,34.974,32.609,19.014,21.774,19.149,10.112
26-02-2020 08:55,329,196,110,16,6,1,6,26.892,29.605,24.281,18.698,24.658,21.094,10.843
26-02-2020 09:05,303,210,107,17,4,0,7,27.218,33.416,25.187,18.685,23.41,8.804,11.538
26-02-2020 09:10,358,228,118,16,4,1,4,23.437,28.481,23.077,18.443,21.774,19.014,12.329
26-02-2020 09:15,332,216,142,15,6,3,6,23.356,28.846,24.457,20.225,22.314,25.155,12.919
26-02-2020 09:20,306,182,114,27,4,0,3,26.163,29.348,25.763,18.646,27.411,25.155,10.305
26-02-2020 09:25,306,252,113,14,2,4,6,27.664,33.416,30,19.737,16.463,22.881,13.235
26-02-2020 09:35,334,252,116,15,7,4,3,25,28.723,26.062,17.94,16.875,18.75,12.617
26-02-2020 09:40,316,216,124,19,5,5,2,31.991,34.439,29.605,17.81,17.763,19.194,13.366
26-02-2020 09:45,313,245,122,15,4,2,0,26.786,32.297,31.542,17.857,20.352,25.472,13.366
26-02-2020 09:50,310,272,106,21,4,1,9,27.439,27.551,27.108,18.881,20.984,25.472,13.636
26-02-2020 09:55,371,280,130,21,6,2,7,20.455,27.778,21.429,13.5,18.815,15.698,10.976
26-02-2020 10:05,276,203,120,13,7,3,2,26.471,32.927,28.511,15.341,21.429,19.853,10.15
26-02-2020 10:10,301,249,139,25,3,3,1,26.062,29.736,29.095,17.532,25.472,18.08,14.136
26-02-2020 10:15,294,246,102,17,4,4,5,25.187,33.251,28.602,14.485,22.626,22.253,11.563
26-02-2020 10:20,300,229,131,20,4,4,4,25,27.439,21.987,15.882,23.377,18.367,10.757
26-02-2020 10:25,336,242,133,14,6,3,3,24.816,36.29,29.476,18.75,22.594,21.774,16.875
26-02-2020 10:35,276,228,120,17,7,2,2,27.273,35.433,30.224,18.097,12.882,17.197,13.171
26-02-2020 10:40,260,209,114,15,8,3,3,26.892,31.106,26.786,17.952,25.837,19.853,7.337
26-02-2020 10:45,321,211,121,19,1,5,5,25.568,27.664,27.108,16.77,18.121,19.424,11.489
26-02-2020 10:50,285,221,115,19,6,1,2,27.108,32.767,29.348,17.442,21.658,19.286,12.857
26-02-2020 10:55,285,207,108,25,7,2,2,24.908,35.156,29.605,16.615,21.704,15.169,12.385
26-02-2020 16:35,288,160,99,17,19,4,2,26.367,30.269,26.68,18.048,25.352,25.234,13.918
26-02-2020 16:40,302,169,86,12,12,3,7,23.478,24.908,22.881,15.306,17.94,15.667,13.3
26-02-2020 16:45,258,153,84,18,9,5,2,21.429,14.181,17.59,15.517,23.824,16.187,10.714
26-02-2020 16:50,262,148,77,23,25,3,3,21.028,26.163,21.293,16.304,18.293,16.564,13.846
26-02-2020 16:55,308,169,97,15,18,6,3,19.912,26.471,22.351,15.929,19.956,18.161,16.875
26-02-2020 17:05,253,151,99,24,11,4,4,23.684,30.543,19.679,16.265,18.409,11.563,15
26-02-2020 17:10,263,156,66,26,10,5,4,26.892,30.822,26.892,19.679,22.204,19.798,13.636
26-02-2020 17:15,276,158,69,16,8,6,4,26.812,31.69,25.376,17.905,22.011,19.53,12.736
26-02-2020 17:20,250,136,73,10,5,5,3,25,31.991,22.204,17.132,27.136,19.756,12.736
26-02-2020 17:25,287,155,89,19,4,1,4,23.663,30.682,22.651,18.802,22.979,20.455,12.273
26-02-2020 17:35,229,112,74,17,8,2,2,27.439,28.602,24.368,16.875,23.601,19.149,14.674
26-02-2020 17:40,324,150,95,21,8,4,1,22.804,26.471,22.425,17.089,20.455,18.621,12.273
26-02-2020 17:45,312,148,75,14,5,2,2,24.021,35.156,23.41,19.355,19.341,20.769,12.5
26-02-2020 17:50,287,143,72,23,9,4,3,25.472,31.84,29.867,20.517,23.824,21.951,16.463
26-02-2020 17:55,344,162,61,21,2,4,1,26.062,34.615,27.218,17.59,21.951,18.326,16.463
26-02-2020 18:05,297,150,62,20,8,7,2,22.113,36.685,22.727,16.497,21.429,18.305,13.706
26-02-2020 18:10,353,163,78,14,4,3,6,25.763,27.664,26.367,12.919,18.493,14.674,9.818
26-02-2020 18:15,358,207,85,12,2,4,6,13.132,26.786,21.916,15.836,22.161,17.881,13.776
26-02-2020 18:20,368,192,73,12,6,3,0,25.568,29.221,23.438,16.791,21.687,18.493,15.698
26-02-2020 18:25,293,167,77,15,6,3,5,25.448,14.211,27.108,18.145,22.041,19.39,12.329
26-02-2020 18:35,351,169,67,11,5,1,3,19.452,31.469,24.457,17.717,21.658,23.276,12.054
26-02-2020 18:40,310,189,73,18,2,0,4,25.568,35.065,23.437,17.717,19.286,19.014,13.411
26-02-2020 18:45,298,180,69,16,9,1,3,25.187,29.348,26.062,16.96,19.78,24.107,14.835
26-02-2020 18:50,292,165,81,9,7,3,1,27.439,37.5,27.218,19.014,24.107,22.253,14.835
26-02-2020 18:55,300,149,63,17,8,3,2,28.125,39.941,31.84,18.685,24.847,21.094,12.5
26-02-2020 08:35,179,84,59,24,6,1,5,38.571,41.86,25.714,17.822,19.286,27.273,13.203
26-02-2020 08:40,187,78,49,20,4,0,2,40.602,36.986,32.335,18.815,23.377,27.273,13.012
26-02-2020 08:45,214,99,67,13,3,5,3,32.335,35.294,29.67,15.562,28.723,24.545,16.564
26-02-2020 08:50,189,8,68,20,4,5,4,26.087,32.143,32.143,15.385,30,22.979,14.754
26-02-2020 08:55,211,107,67,15,4,1,2,29.508,30,19.926,12.796,19.495,22.131,17.647
26-02-2020 09:05,202,110,66,17,4,2,2,31.214,40.909,30.168,16.265,24.434,28.125,9.926
26-02-2020 09:10,201,120,63,13,4,2,2,38.028,34.615,31.034,16.718,28.877,24.107,20.69
26-02-2020 09:15,226,109,78,14,3,1,1,36.242,35.065,27.692,13.671,28.571,24.324,9.609
26-02-2020 09:20,197,133,75,15,6,2,2,28.571,35.526,29.834,15,16.514,26.601,11.79
26-02-2020 09:25,212,160,72,11,5,3,4,34.395,42.857,35.762,14.516,27.136,22.5,14.099
26-02-2020 09:35,236,172,74,17,2,1,5,27.835,35.294,29.032,15,22.594,30.508,14.674
26-02-2020 09:40,241,181,94,25,3,2,5,24.434,34.839,26.733,13.203,23.894,13.74,13.918
26-02-2020 09:45,239,188,106,16,0,3,3,29.032,31.395,29.834,13.636,14.754,17.197,11.368
26-02-2020 09:50,235,168,107,12,3,1,1,33.333,33.962,27.136,12.245,24.434,20.69,15.126
26-02-2020 09:55,260,192,94,8,2,3,8,32.335,31.765,24.107,13.776,24.324,18.493,13.5
26-02-2020 10:05,238,166,126,15,2,2,5,26.866,31.214,22.881,15.517,21.176,19.565,11.538
26-02-2020 10:10,241,215,91,19,11,1,3,30.857,37.5,27.551,13.99,15.126,11.739,15.652
26-02-2020 10:15,237,212,118,13,9,1,0,28.723,33.54,29.508,13.776,28.571,22.041,15.652
26-02-2020 10:20,224,220,90,23,3,4,3,27.136,33.962,28.571,13.012,25.352,21.951,12.558
26-02-2020 10:25,232,198,106,29,5,0,3,27.551,25.714,30.168,14.595,21.687,21.951,8.94
26-02-2020 10:35,208,148,74,13,2,0,1,39.13,36.486,33.129,16.119,19.355,26.601,15.652
26-02-2020 10:40,226,189,113,17,3,4,2,26.087,29.348,26.214,13.043,20.455,20.225,13.776
26-02-2020 10:45,271,173,94,18,4,1,4,30.857,35.065,34.177,12.796,18.493,29.67,14.026
26-02-2020 10:50,258,184,81,17,7,5,0,28.421,34.395,28.723,14.917,23.684,21.862,16.265
26-02-2020 10:55,220,170,92,14,3,5,5,25.234,28.125,27.835,14.439,19.286,22.5,13.235
26-02-2020 16:35,242,152,90,16,21,4,4,27,28.421,30.508,13.139,20.849,23.894,15.429
26-02-2020 16:40,250,161,84,19,28,7,3,25.234,23.478,27.411,15.929,24.107,18.493,12
26-02-2020 16:45,240,166,95,21,27,8,0,27.411,26.214,27.835,13.3,28.877,25.592,12
26-02-2020 16:50,290,147,67,17,29,2,5,31.395,33.54,27.411,14.795,24,27.551,11.321
26-02-2020 16:55,238,167,76,12,26,3,4,28.421,31.214,29.508,14.674,25.234,19.853,11.739
26-02-2020 17:05,271,162,92,18,24,3,3,27.692,32.335,25.837,14.917,22.881,19.286,12.162
26-02-2020 17:10,267,183,86,13,16,4,7,29.834,35.526,25.234,13.107,22.222,20,12.981
26-02-2020 17:15,327,194,87,13,19,3,3,25,28.272,23.276,12.888,27,21.094,15.169
26-02-2020 17:20,156,193,66,14,14,7,9,29.834,30.168,25.962,13.075,24.771,24.324,12.646
26-02-2020 17:25,298,193,78,20,12,1,5,27.551,29.348,25.234,11.868,24.885,18.243,12.796
26-02-2020 17:35,296,189,73,14,8,6,4,27.551,30.168,21.176,13.4,20.149,20.769,12.888
26-02-2020 17:40,291,147,75,18,7,6,4,28.571,31.395,25.592,14.026,23.176,21.344,15.607
26-02-2020 17:45,323,221,90,21,12,4,6,26.733,28.421,25.116,12.385,23.377,15.211,14.173
26-02-2020 17:50,314,171,77,15,7,4,5,28.571,31.395,28.877,14.477,25.714,17.881,13.811
26-02-2020 17:55,339,212,76,17,4,5,4,22.979,27.551,24.545,13.203,20.149,18.305,15.743
26-02-2020 18:05,344,186,64,15,4,4,5,25.714,29.508,30.168,12.95,20.769,20.225,14.958
26-02-2020 18:10,310,213,70,23,11,2,4,13.882,20.849,19.286,11.514,19.78,18.815,11.588
26-02-2020 18:15,316,186,62,19,9,3,4,10.305,19.424,13.636,9.441,11.392,10.887,11.947
26-02-2020 18:20,351,214,88,16,12,3,3,13.268,19.149,18.75,13.568,15.562,16.77,13.706
26-02-2020 18:25,320,204,79,10,15,4,3,17.363,22.041,19.636,11.868,18.881,19.853,12.888
26-02-2020 18:35,268,182,84,20,2,0,3,27,27.273,23.077,14.795,19.853,18.43,8.882
26-02-2020 18:40,256,193,73,14,4,2,5,27.136,25.472,23.894,13.012,19.495,23.276,9.854
26-02-2020 18:45,233,176,71,16,8,1,4,21.344,29.508,27.835,13.107,28.571,18.685,14.4
26-02-2020 18:50,236,198,82,21,8,1,5,27.273,30,26.601,14.211,30.337,15,12.981
26-02-2020 18:55,277,172,68,21,8,0,7,25.714,28.877,27,12.162,24.771,15,9.963
27-02-2020 08:35,252,147,76,16,5,2,6,31.915,45.918,42.722,20.393,34.034,12.981,17.382
27-02-2020 08:40,251,163,76,17,3,2,4,28.243,29.867,34.091,22.277,32.143,20.149,15.976
27-02-2020 08:45,291,177,101,20,8,3,7,31.106,39.941,36.885,19.149,20.301,23.276,18.75
27-02-2020 08:50,296,200,104,21,11,0,9,28.602,32.609,29.095,20.532,23.824,21.471,15.341
27-02-2020 08:55,347,298,140,16,7,0,10,31.542,35.526,33.416,20.149,24.545,21.471,19.286
27-02-2020 09:05,380,191,102,17,4,1,6,28.125,31.25,32.767,17.881,22.881,22.5,15.226
27-02-2020 09:10,326,205,121,14,8,2,8,31.395,35.904,32.609,16.667,29.137,23.684,13.107
27-02-2020 09:15,350,212,132,18,2,5,6,19.737,31.616,26.68,17.132,27,17.197,12.981
27-02-2020 09:20,344,240,103,21,4,6,3,28.846,37.815,33.251,20.225,28.125,23.41,13.918
27-02-2020 09:25,366,215,116,20,6,4,9,25.568,35.904,24.237,17.308,27.551,22.376,10.438
27-02-2020 09:35,315,241,106,20,5,0,4,31.25,35.526,25.568,21.094,4.265,19.471,16.397
27-02-2020 09:40,337,250,123,21,3,4,6,25.093,30.269,25.568,15.067,16.946,22.131,10.189
27-02-2020 09:45,285,222,141,18,4,1,6,14.485,25.187,26.163,16.187,22.131,10.63,13.636
27-02-2020 09:50,314,237,114,22,3,4,2,26.892,33.088,29.348,17.089,18.75,22.011,13.776
27-02-2020 09:55,280,241,135,18,5,5,7,29.801,34.615,29.573,20.25,22.314,20.93,12.736
27-02-2020 10:05,280,254,106,19,5,3,9,29.348,32.297,28.125,19.636,23.011,20.352,15.82
27-02-2020 10:10,326,218,114,16,5,1,2,29.221,33.75,30.269,22.5,27.835,18.243,14.516
27-02-2020 10:15,297,230,114,15,8,2,3,26.163,30.822,25,15.385,21.774,18.881,9.122
27-02-2020 10:20,242,209,98,27,3,2,3,28.008,35.904,29.095,13.918,10.976,14.063,15.517
27-02-2020 10:25,313,234,112,23,2,0,7,28.008,31.395,32.767,15.473,20.769,14.063,14.464
27-02-2020 10:35,193,192,96,15,5,0,2,37.293,46.552,36.096,21.709,27.273,14.362,12.162
27-02-2020 10:40,228,195,103,14,8,1,3,37.921,39.706,46.875,20,26.866,21.094,12.217
27-02-2020 10:45,248,178,107,15,4,5,5,29.095,45.302,36.885,18.815,23.276,21.094,9.419
27-02-2020 10:50,223,155,96,15,4,3,1,17.94,36.685,24.908,16.514,15,15.197,15.882
27-02-2020 10:55,222,192,98,16,5,2,0,32.609,43.548,35.526,20.455,21.543,25.472,15.882
27-02-2020 16:35,295,148,114,17,11,2,3,26.575,33.75,26.575,18.367,21.862,15.882,21.302
27-02-2020 16:40,267,140,94,11,11,5,0,32.767,34.264,26.892,18.75,25.472,19.286,21.302
27-02-2020 16:45,257,138,95,17,14,8,3,23.768,26.549,24.725,17.705,10.15,22.881,11.313
27-02-2020 16:50,259,126,84,19,12,3,6,29.867,42.453,30.405,17.035,21.996,20.93,13.545
27-02-2020 16:55,266,200,124,21,12,2,3,27.218,39.941,30.543,16.083,22.626,12.857,10.8
27-02-2020 17:05,348,154,79,17,14,3,5,27.893,34.794,26.163,15.429,21.774,20.663,12.385
27-02-2020 17:10,226,163,93,12,13,2,3,26.68,35.904,25.472,18.243,26.471,23.684,13.187
27-02-2020 17:15,305,140,83,15,6,8,5,30.963,36.685,30.963,19.014,25.796,17.881,14.063
27-02-2020 17:20,302,155,81,19,3,5,1,26.575,4.106,27.439,16.216,25.472,17.457,8.133
27-02-2020 17:25,318,158,83,21,5,4,5,25.093,34.091,21.916,14.666,17.143,20.769,14.236
27-02-2020 17:35,296,137,81,14,6,1,7,26.786,29.221,24.107,17.089,16.314,18.947,11.441
27-02-2020 17:40,367,173,97,15,5,0,2,28.008,31.395,19.636,15.458,20.149,21.094,13.729
27-02-2020 17:45,357,142,79,20,8,1,3,27.218,27.108,20.579,16.226,17.017,13.107,11.345
27-02-2020 17:50,294,118,84,14,9,3,5,24.281,30.822,23.276,13.34,19.565,15.789,9.818
27-02-2020 17:55,285,143,80,28,2,3,2,25.376,28.97,28.272,13.411,20.455,20.149,10.506
27-02-2020 18:05,279,153,66,18,6,6,4,23.296,31.69,24.107,16.119,20.663,17.609,18.75
27-02-2020 18:10,311,145,73,18,5,6,5,22.222,31.591,22.959,15.789,20.999,16.713,16.309
27-02-2020 18:15,342,162,86,19,4,5,6,25,31.395,20.963,15.169,21.704,15.169,12.939
27-02-2020 18:20,298,178,83,16,7,3,7,24.816,25.376,27.439,13.946,17.197,12.273,12.939
27-02-2020 18:25,299,172,74,26,9,2,2,21.907,33.333,21.951,13.694,18.367,20.849,12.939
27-02-2020 18:35,282,174,61,14,6,0,1,19.912,32.143,22.351,16.383,22.131,23.276,11.739
27-02-2020 18:40,322,178,63,14,5,5,2,21.497,26.575,28.243,12.706,19.708,19.014,15.607
27-02-2020 18:45,318,153,65,12,7,1,2,17.442,27.439,24.107,11.982,17.419,22.881,16.875
27-02-2020 18:50,259,174,67,21,5,3,6,19.622,27.778,25.763,12.706,17.252,22.881,14.516
27-02-2020 18:55,319,180,90,16,5,6,4,21.226,25.187,26.601,15.254,19.853,14.063,14.516
27-02-2020 08:35,176,72,45,18,5,2,5,33.2,35.53,26.13,14.67,19.57,17.31,15.52
27-02-2020 08:40,193,75,66,13,3,2,6,35.84,41.33,27.36,13.06,24.77,24.11,18.24
27-02-2020 08:45,156,82,57,24,4,4,4,35.53,41.33,28.13,12.9,24.77,14.84,18.24
27-02-2020 08:50,164,80,45,22,3,1,0,39.32,52.6,29.35,15.23,35.53,14.84,18.24
27-02-2020 08:55,203,97,62,29,6,3,6,30.68,38.21,32.66,14.94,23.08,25.47,9.82
27-02-2020 09:05,220,106,80,27,6,2,6,26.47,34.47,34.03,14.52,25.71,21.26,16.74
27-02-2020 09:10,260,121,81,9,1,2,1,33.75,46.02,27.36,17.38,25.71,24.77,16.74
27-02-2020 09:15,210,154,74,17,5,1,5,37.16,30.68,27.55,18,26.73,28.13,14.52
27-02-2020 09:20,190,117,73,21,7,0,2,34.32,36.16,27.18,13.5,26.73,22.13,17.53
27-02-2020 09:25,219,111,77,18,4,2,5,34.62,34.62,26.82,10.81,15.7,18.12,17.53
27-02-2020 09:35,202,136,85,15,5,1,4,34.32,35.22,30.17,16.56,21.26,22.43,21.09
27-02-2020 09:40,237,170,83,13,6,6,1,36.82,34.03,34.03,18.24,33.75,22.43,13.59
27-02-2020 09:45,192,142,80,14,2,0,4,30.92,39.71,33.75,16.2,20.93,18.62,11.84
27-02-2020 09:50,200,137,90,27,2,3,1,34.91,42.63,26.13,14.41,23.68,22.5,11.44
27-02-2020 09:55,230,194,91,17,5,4,4,31.95,39.32,32.4,12.78,25.47,22.63,11.44
27-02-2020 10:05,240,180,84,11,7,2,3,30.92,39.13,31.4,15.94,19.57,20.66,13.78
27-02-2020 10:10,218,166,86,15,2,3,2,25.8,34.03,24.55,16.67,22.25,18.12,13.78
27-02-2020 10:15,229,213,86,22,4,2,1,32.14,27.93,26.3,15,30.22,18.24,13.24
27-02-2020 10:20,271,184,125,18,5,2,1,29.35,34.91,27.36,21.66,24.55,22.69,13.24
27-02-2020 10:25,253,155,84,22,4,5,1,28.32,35.22,32.66,13.92,36.49,21.43,12.74
27-02-2020 10:35,241,186,99,20,1,1,3,29.35,21.09,31.15,16.95,17.09,29.03,20.15
27-02-2020 10:40,244,173,116,19,5,3,5,27.93,34.62,23.68,14.26,30,29.03,16.07
27-02-2020 10:45,257,192,103,20,2,0,2,22.5,35.22,27.93,14.46,22.69,18,14.14
27-02-2020 10:50,238,183,103,22,5,1,3,25,25.96,26.13,16.07,23.89,17.76,14.14
27-02-2020 10:55,254,187,99,23,4,6,0,22.88,32.66,22.13,17.92,22.85,22.88,9
27-02-2020 16:35,285,171,102,18,15,11,1,26.82,28.52,30.68,15.4,24.7,16.46,10.8
27-02-2020 16:40,242,194,105,22,9,9,0,30,36.82,30.45,15,23.96,18.24,18.24
27-02-2020 16:45,258,145,98,12,15,5,3,24.11,37.85,26.82,12.24,22.1,18.33,11.84
27-02-2020 16:50,272,169,101,22,8,9,3,27,33.75,30,16.67,28.93,18.75,24.55
27-02-2020 16:55,260,145,99,12,11,3,1,29.56,28.17,30,11.6,20.88,28.12,13.04
27-02-2020 17:05,268,172,104,15,11,2,5,34.62,30.45,23.14,12.66,21.89,20.56,14.94
27-02-2020 17:10,308,180,112,26,8,4,7,22.01,28.52,22.38,14.94,19.29,17.16,13.92
27-02-2020 17:15,241,206,103,23,8,7,5,29.56,28.93,27.27,15.82,25.47,18.33,15.25
27-02-2020 17:20,243,186,105,14,7,5,3,27.55,30.45,27.93,12.94,35.84,20.15,15.58
27-02-2020 17:25,225,208,100,14,3,4,5,31.4,36.99,31.64,13.59,25.96,22.31,14.62
27-02-2020 17:35,268,159,71,13,6,3,4,27.93,38.94,39.51,13.5,25.31,19.85,16.4
27-02-2020 17:40,263,221,96,19,5,2,5,25.8,28.72,30.68,11.31,28.12,19.85,13.64
27-02-2020 17:45,279,187,87,14,5,0,2,28.72,30.45,28.93,24.11,27.74,19.57,14.21
27-02-2020 17:50,334,195,88,11,9,4,7,26.3,35.53,20.45,12.98,27.74,17.76,13.3
27-02-2020 17:55,336,146,86,16,0,2,2,29.03,39.71,27.18,17.02,27.74,16.67,14.57
27-02-2020 18:05,332,191,98,23,9,4,5,21.77,29.78,26.47,13.37,19.42,19.57,16.88
27-02-2020 18:10,271,199,82,14,7,3,2,28.93,34.32,25.34,13.5,23.41,19.1,14.59
27-02-2020 18:15,315,203,86,23,6,4,3,24.85,34.32,26.69,15.52,20.02,18,13.99
27-02-2020 18:20,316,242,73,15,9,1,4,29.14,32.27,28.72,13.02,22.69,18,10.38
27-02-2020 18:25,289,215,95,24,10,2,3,24.25,30.92,23.55,13.11,22.88,16.88,10.51
27-02-2020 18:35,306,213,77,15,3,3,8,27.36,34.91,21.66,15.52,27.93,21.66,11.44
27-02-2020 18:40,278,186,78,12,5,5,2,28.93,30.45,25.96,12.44,25.16,16.67,10.89
27-02-2020 18:45,242,181,71,18,9,5,3,30.45,39.32,30,21.77,23.96,22.5,18.62
27-02-2020 18:50,271,206,82,8,9,1,8,26.05,33.47,29.56,13.92,29.35,22.5,18.62
27-02-2020 18:55,292,117,87,8,14,4,5,33.47,31.89,28.93,15.34,29.35,22.5,17.88
28-02-2020 08:35,333,127,71,26,10,1,5,31.542,37.709,33.92,21.176,31.395,23.824,13.776
28-02-2020 08:40,297,142,88,18,5,4,3,25.093,34.264,28.243,20.93,21.012,18.243,15.458
28-02-2020 08:45,296,151,71,20,4,2,4,31.106,32.452,31.953,19.853,17.686,17.783,10.425
28-02-2020 08:50,289,135,92,12,4,4,9,28.97,38.352,32.143,20,32.143,20.769,11.538
28-02-2020 08:55,288,162,84,12,6,0,8,28.602,37.975,31.395,18.367,21.774,24.398,14.063
28-02-2020 09:05,299,193,96,18,4,0,8,30.134,35.156,29.348,21.012,19.149,25.714,16.531
28-02-2020 09:10,273,194,112,16,2,4,6,30.682,32.927,31.106,20.21,25,25.714,12.796
28-02-2020 09:15,304,208,123,13,2,2,4,29.867,36.242,35.526,17.609,19.149,20.301,12.162
28-02-2020 09:20,246,163,104,14,2,1,4,19.438,27.218,28.602,21.774,24.545,9.507,13.433
28-02-2020 09:25,324,185,119,28,8,3,7,27.439,35.714,33.251,20.706,25.714,27,16.463
28-02-2020 09:35,333,231,123,15,7,2,7,23.116,28.361,21.845,17.035,20.149,16.531,13.723
28-02-2020 09:40,357,219,126,20,3,2,0,25.962,24.107,29.834,20.25,26.214,25.472,17.089
28-02-2020 09:45,300,216,117,22,1,3,3,22.425,32.767,29.736,18.392,23.684,19.149,12.5
28-02-2020 09:50,320,253,124,23,5,3,2,26.471,40.419,28.243,19.014,21.429,22.5,16.667
28-02-2020 09:55,329,231,127,18,5,1,6,26.062,33.416,28.361,17.176,24.434,18,16.667
28-02-2020 10:05,307,230,97,24,5,4,3,21.412,31.69,16.043,19.565,20,14.362,17.197
28-02-2020 10:10,387,329,130,25,11,5,6,27.979,26.786,27.328,19.286,26.471,21.6,17.197
28-02-2020 10:15,321,231,124,13,1,2,3,25.568,30.269,28.571,19.495,24.324,16.736,13.706
28-02-2020 10:20,255,181,108,19,7,1,2,28.846,35.714,31.106,19.172,27.835,20.05,14.063
28-02-2020 10:25,275,219,103,19,3,3,2,29.736,34.974,27.893,20.833,31.034,22.253,13.433
28-02-2020 10:35,286,198,100,16,4,5,5,24.107,30.269,25.962,19.231,23.581,20.149,14.362
28-02-2020 10:40,279,193,96,19,3,1,9,20.089,29.348,24.725,17.089,20.769,19.286,13.279
28-02-2020 10:45,254,204,108,27,5,1,0,25.305,30.405,26.892,18.802,23.894,18.243,12.736
28-02-2020 10:50,254,220,111,24,3,1,2,24.479,33.088,26.786,16.423,21.6,14.362,10.425
28-02-2020 10:55,246,189,114,18,6,2,2,22.277,30.269,29.095,17.176,13.139,30,10.15
28-02-2020 16:35,296,175,72,18,22,3,1,19.795,25.763,17.578,15.734,18.326,17.419,15.341
28-02-2020 16:40,227,129,91,15,21,2,1,21.028,28.97,19.565,18.881,17.532,18.121,11.25
28-02-2020 16:45,297,146,93,15,16,3,1,26.163,33.582,26.892,19.104,21.243,21.687,11.538
28-02-2020 16:50,292,138,76,14,21,2,5,24.194,29.967,28.125,18.974,23.789,18.881,11.538
28-02-2020 16:55,258,152,72,16,14,6,6,20.833,28.602,22.651,14.868,20.377,15.882,9
28-02-2020 17:05,302,147,88,21,12,3,3,22.881,28.815,30.682,17.308,23.684,16.981,17.308
28-02-2020 17:10,256,139,95,17,8,1,4,25.472,35.156,27.481,17.132,18.621,17.881,7.297
28-02-2020 17:15,285,153,69,19,12,3,10,23.643,26.367,27.108,19.286,26.733,19.565,14.516
28-02-2020 17:20,274,162,88,16,13,4,2,28.97,34.091,25.472,19.149,20.93,19.081,10.658
28-02-2020 17:25,280,162,84,19,9,5,1,25,30.963,27.778,15.698,25,20.611,10.658
28-02-2020 17:35,300,153,74,26,4,4,4,20.833,7.508,22.575,15.562,16.531,17.197,13.235
28-02-2020 17:40,250,161,81,15,11,3,2,24.635,31.178,24.194,14.547,15.517,21.094,12.617
28-02-2020 17:45,279,134,85,12,8,3,0,26.601,32.767,27.19,19.355,18.947,20.149,12.617
28-02-2020 17:50,256,162,72,16,9,7,4,24.021,29.348,21.704,18.443,15.759,23.894,11.947
28-02-2020 17:55,313,184,91,11,8,2,5,27.3,29.348,27.778,17.532,24.215,20.225,15.084
28-02-2020 18:05,277,153,76,16,8,0,3,25.281,28.723,24.771,13.846,23.478,17.647,12
28-02-2020 18:10,297,148,85,17,10,3,2,29.095,35.156,27.411,14.454,21.571,17.647,13.729
28-02-2020 18:15,315,174,72,15,3,3,4,24.816,33.92,24.931,15.254,22.881,19.565,17.532
28-02-2020 18:20,293,152,73,12,7,4,2,23.256,28.723,26.575,14.151,20.225,19.149,11.066
28-02-2020 18:25,248,164,64,18,3,3,6,24.457,36.29,27,16.708,20.149,19.378,13.411
28-02-2020 18:35,276,159,58,17,2,2,4,20.898,27.439,24.194,15.625,21.557,17.763,11.538
28-02-2020 18:40,282,130,67,16,4,2,4,23.768,31.991,25.281,19.424,24.771,15.698,13.671
28-02-2020 18:45,266,187,69,16,8,3,1,24.368,29.095,27.328,18.646,21.892,21.204,13.918
28-02-2020 18:50,324,132,67,9,3,0,5,24.457,32.143,27.835,13.139,23.581,20.05,13.918
28-02-2020 18:55,304,171,69,14,6,4,0,23.276,29.095,21.531,13.107,17.578,17.308,13.918
28-02-2020 08:35,171,70,64,23,2,2,5,38.793,44.118,32.609,17.94,27.273,30.682,17.763
28-02-2020 08:40,142,105,49,18,2,3,3,25.763,47.203,31.395,21.028,24.545,30.682,10.425
28-02-2020 08:45,156,81,57,18,6,4,3,32.143,34.974,24.885,18.121,20.301,22.5,15.698
28-02-2020 08:50,192,108,60,27,1,3,1,31.84,45.302,29.221,21.658,26.214,25.234,12.217
28-02-2020 08:55,206,64,72,23,4,3,3,29.095,29.801,31.106,14.033,22.689,25,12.217
28-02-2020 09:05,195,117,69,10,5,2,4,31.542,33.92,25.962,19.194,30.916,21.429,19.286
28-02-2020 09:10,216,129,69,20,3,0,6,34.615,35.714,30.269,18.595,21.094,21.429,13.171
28-02-2020 09:15,210,114,69,22,6,3,2,30.134,36.096,24.658,17.045,26.575,21.543,15.063
28-02-2020 09:20,213,140,72,15,3,0,1,31.106,43.131,28.125,19.068,21.862,21.543,15.063
28-02-2020 09:25,192,106,75,21,3,4,0,29.605,43.269,26.892,16.708,28.125,21.951,13.602
28-02-2020 09:35,196,117,75,10,5,2,1,34.439,40.179,33.251,15.882,31.953,20.455,13.776
28-02-2020 09:40,211,133,84,18,2,3,2,33.582,38.571,28.243,11.25,21.429,18.243,11.638
28-02-2020 09:45,233,156,102,22,7,2,5,21.916,35.526,23.936,15.067,20.25,15.169,12.5
28-02-2020 09:50,183,144,79,20,0,4,0,33.582,36,31.533,13.664,20.25,20.352,12.5
28-02-2020 09:55,232,162,83,26,5,1,3,25.281,29.095,20.393,15.734,21.658,17.763,14.136
28-02-2020 10:05,216,168,91,15,3,1,4,32.452,34.794,26.471,16.875,29.67,22.881,13.149
28-02-2020 10:10,218,174,87,16,9,2,3,25.281,38.571,28.846,16.56,24.44,22.689,10.547
28-02-2020 10:15,202,171,92,15,2,2,2,29.867,40.663,30.134,16.514,22.5,17.419,11.02
28-02-2020 10:20,216,222,111,18,3,3,6,30.269,36.29,29.476,13.975,21.26,18.08,13.918
28-02-2020 10:25,286,252,136,21,4,3,3,34.439,25.093,20.331,18.23,20.532,19.951,12.558
28-02-2020 10:35,235,162,94,20,3,3,2,29.095,37.5,31.25,19.565,25.472,22.131,9.31
28-02-2020 10:40,241,181,123,20,3,3,0,29.221,32.767,27.328,13.966,21.316,22.131,13.591
28-02-2020 10:45,262,204,136,21,6,0,3,26.654,37.5,28.332,15.845,20.769,18,13.591
28-02-2020 10:50,233,187,96,28,4,1,0,29.605,40.663,26.265,16.413,27.692,20.455,13.591
28-02-2020 10:55,249,175,102,20,4,3,3,31.991,32.767,28.481,17.624,22.689,20.455,9.507
28-02-2020 16:35,102,39,27,11,15,9,0,2.019,3.879,2.754,1.512,2.34,2.919,2.657
28-02-2020 16:40,112,39,38,11,10,5,0,2.795,2.696,3.695,2.107,2.159,2.864,2.657
28-02-2020 16:45,113,40,30,17,21,4,0,3.282,3.951,2.715,1.957,3.636,2.637,2.657
28-02-2020 16:50,123,33,21,12,21,11,0,2.167,9.747,1.959,1.502,3.93,3.418,2.657
28-02-2020 16:55,132,66,24,17,21,10,1,3.219,4.994,1.603,2.516,4.259,3.257,11.538
28-02-2020 17:05,250,155,90,33,36,11,0,10.056,14.754,16.364,11.227,20.69,10.998,12.5
28-02-2020 17:10,243,154,94,39,32,2,4,5.823,8.328,11.578,5.745,15.836,6.784,14.063
28-02-2020 17:15,287,132,88,25,24,5,3,6.916,11.364,11.175,7.741,11.25,6.716,14.063
28-02-2020 17:20,325,197,86,20,21,4,3,10,14.77,11.441,9.278,10.321,11.157,13.636
28-02-2020 17:25,319,193,82,20,21,4,6,28.125,34.794,27.664,17.682,23.936,19.149,14.674
28-02-2020 17:35,240,170,88,19,4,4,3,26.163,31.542,26.471,15.652,22.881,24.545,14.211
28-02-2020 17:40,291,190,89,19,8,3,4,30.067,36.685,19.014,19.355,28.929,19.756,14.595
28-02-2020 17:45,354,190,82,15,11,6,5,27.664,32.767,26.575,12.558,26.471,19.853,12.676
28-02-2020 17:50,316,197,74,17,13,5,1,24.021,29.605,27,11.947,21.204,21.429,12.676
28-02-2020 17:55,316,178,73,26,5,2,6,27.328,30.134,30,10.266,20.663,21.774,15.254
28-02-2020 18:05,334,187,82,15,8,1,4,27.893,33.92,23.276,13.473,24.771,8.94,13.568
28-02-2020 18:10,336,204,72,23,10,2,3,25.376,30.44,25.187,15.734,24.194,18,11.739
28-02-2020 18:15,317,190,65,18,12,1,6,23.768,22.5,29.605,16.833,24.457,21.774,13.5
28-02-2020 18:20,327,223,88,23,8,2,1,22.444,28.125,13.314,14.129,23.356,19.565,15.698
28-02-2020 18:25,421,209,77,17,10,3,3,12.523,14.579,15.033,13.3,16.383,10.519,11.739
28-02-2020 18:35,224,146,66,9,1,0,4,24.457,31.84,28.602,18.557,20.455,17.532,18.664
28-02-2020 18:40,267,175,56,17,5,0,5,31.106,35.714,32.609,14.587,28.322,17.532,17.476
28-02-2020 18:45,286,192,60,16,5,1,1,28.243,36.29,29.573,14.331,32.143,18.493,12.736
28-02-2020 18:50,323,236,85,21,8,1,1,25.376,28.846,30.134,14.868,27.136,18.493,17.089
28-02-2020 18:55,310,184,84,16,5,4,1,24.281,29.221,23.196,11.698,23.936,15.517,17.089
24-02-2020 09:00,277,208,103,16,5,1,2,30.57,36.49,32.79,20.71,13.5,25,12.98
24-02-2020 09:30,344,238,142,13,6,4,2,20.42,24.02,24.28,15.17,21.09,17.88,10.63
24-02-2020 10:00,316,274,134,17,4,1,2,28.97,27,28.97,21.36,25,11.95,14.71
24-02-2020 10:30,298,206,106,13,5,1,4,30,27.66,25.09,19.34,25.96,19.01,9.57
24-02-2020 11:00,294,204,116,22,8,1,1,24.73,32.93,29.74,17.81,21.57,19.29,15.88
24-02-2020 17:00,312,146,84,22,8,1,0,24.725,26.265,22.651,19.176,21.344,18.493,12.5
24-02-2020 17:30,286,125,76,17,7,3,3,28.008,33.416,23.768,17.121,27,22.131,12.857
24-02-2020 18:00,305,144,98,23,8,1,4,23.276,28.008,21.429,17.219,23.437,14.516,13.043
24-02-2020 18:30,314,176,91,21,5,2,4,18.544,25.281,27.108,15.637,19.66,19.014,12.5
24-02-2020 19:00,284,145,70,13,0,1,1,22.425,38.793,24.725,17.905,25.472,22.131,11.842
24-02-2020 09:00,165,109,85,13,3,3,3,31.653,42.188,28.008,15.42,26.601,25.432,17.763
24-02-2020 09:30,224,156,83,11,2,2,6,30.928,42.386,28.662,12.646,25.116,18.914,13.678
24-02-2020 10:00,233,186,85,18,4,1,3,39.074,42.056,35.762,16.148,26.568,26.557,15.147
24-02-2020 10:30,192,154,103,20,3,1,1,30.612,38.571,25.234,13.79,23.126,25.837,13.636
24-02-2020 11:00,210,156,100,16,4,6,4,29.573,28.451,26.367,13.554,28.125,21.176,16.59
24-02-2020 17:00,298,175,99,23,23,5,2,24.457,30.168,26.341,12.742,26.214,16.907,15.584
24-02-2020 17:30,266,210,87,16,11,4,4,22.463,28.511,26.214,9.323,28.541,15.652,16.265
24-02-2020 18:00,257,195,82,11,7,4,0,25.641,31.359,31.505,14.778,26.892,22.018,15.713
24-02-2020 18:30,341,222,99,13,6,6,6,21.517,28.756,23.757,13.259,22.794,19.28,13.333
24-02-2020 19:00,305,211,84,12,4,1,1,23.324,29.871,24.429,13.294,22.054,19.576,15.508
25-02-2020 09:00,317,229,125,26,6,5,3,27.551,33.251,28.243,19.795,20.963,24.725,14.674
25-02-2020 09:30,366,236,138,16,5,4,2,23.116,29.476,24.021,16.875,24.658,21.204,14.835
25-02-2020 10:00,303,256,118,20,3,2,2,22.277,29.867,28.361,19.176,22.131,14.516,13.918
25-02-2020 10:30,253,215,136,20,4,3,1,25.568,37.448,25.763,17.532,18.493,16.598,12.108
25-02-2020 11:00,231,151,84,26,12,4,3,30.682,37.088,29.476,20.393,23.356,21.543,12
25-02-2020 17:00,294,139,89,12,7,5,1,30.822,33.92,27.439,20.393,22.881,22.131,13.043
25-02-2020 17:30,320,155,79,19,10,5,4,26.062,33.75,29.095,17.397,22.041,20.03,12.981
25-02-2020 18:00,290,166,89,15,7,1,6,25.376,34.439,31.106,16.667,19.622,20.769,9.184
25-02-2020 18:30,357,190,78,20,3,1,1,17.308,27.108,22.575,14.181,16.168,13.366,6.959
25-02-2020 19:00,295,168,66,16,3,3,1,22.131,28.97,24.635,16.423,17.763,15.517,14.362
25-02-2020 09:00,211,101,72,22,3,2,3,32.335,32.927,27,15.385,21.012,19.495,13.333
25-02-2020 09:30,212,154,86,8,5,2,2,25.234,40,23.478,12.357,22.689,22.131,15.789
25-02-2020 10:00,229,136,91,17,5,5,3,25.234,31.765,21.176,13.5,25.592,20,15.084
25-02-2020 10:30,193,184,87,17,8,3,4,27.411,32.727,19.149,14.754,22.979,20.074,14.286
25-02-2020 11:00,196,186,97,22,3,3,2,21.687,29.348,22.314,15.042,19.217,17.476,17.647
25-02-2020 17:00,253,213,106,17,17,8,3,23.684,27.835,23.789,12.676,21.6,19.853,14.714
25-02-2020 17:30,292,225,103,21,8,3,6,21.344,24.324,16.981,11.765,20.149,20.225,13.4
25-02-2020 18:00,305,170,90,16,9,3,6,23.276,32.53,29.348,13.953,22.222,19.424,11.441
25-02-2020 18:30,299,207,82,18,8,4,4,20.074,24.215,24.215,10.405,22.979,16.981,13.5
25-02-2020 19:00,258,106,52,13,1,0,6,25.592,31.765,26.087,12.245,23.176,21.862,13.043
26-02-2020 09:00,334,220,110,23,3,3,4,29.867,32.452,28.243,20.517,18.243,8.804,11.947
26-02-2020 09:30,317,201,123,19,6,2,4,25.962,33.75,30.822,19.97,18.367,19.565,12.054
26-02-2020 10:00,275,230,124,11,5,0,5,31.542,35.904,28.125,20.074,26.733,15.698,10.305
26-02-2020 10:30,275,189,92,18,3,1,3,28.602,30.682,29.476,18.443,15.698,20.455,14.261
26-02-2020 11:00,324,202,102,15,6,6,7,22.259,23.438,25.763,20.474,14.477,18.557,12.199
26-02-2020 17:00,273,140,75,18,11,2,3,24.107,27.218,20.149,16.11,17.476,18.121,11.441
26-02-2020 17:30,273,146,66,17,6,5,6,24.635,30.134,24.107,18.443,18.409,16.603,14.674
26-02-2020 18:00,327,174,68,14,5,2,4,25.962,34.839,22.575,19.636,22.5,20.876,8.71
26-02-2020 18:30,314,180,84,13,3,2,3,25.058,35.248,23.116,14.477,20.69,16.463,12.054
26-02-2020 19:00,287,134,73,14,4,2,3,23.936,27.893,23.276,16.226,20,18.243,11.538
26-02-2020 09:00,201,118,76,12,4,1,4,30.337,32.335,27.136,16.168,26.601,25.714,14.634
26-02-2020 09:30,203,138,96,15,4,2,3,27.835,38.298,23.377,14.795,28.272,26.866,17.763
26-02-2020 10:00,234,174,128,21,5,4,2,25.837,34.395,25.962,15.084,21.344,20.377,11.765
26-02-2020 10:30,286,161,105,18,2,1,1,17.705,29.348,25.234,15.836,23.684,26.601,16.413
26-02-2020 11:00,241,181,93,17,2,4,0,28.421,30.857,27.551,11.973,24.107,19.78,13.235
26-02-2020 17:00,252,163,77,22,16,5,2,28.125,33.962,31.214,13.636,26.601,20.532,12.796
26-02-2020 17:30,295,199,89,17,15,1,4,27,28.272,25.352,13.671,22.881,26.866,10.169
26-02-2020 18:00,327,194,95,20,10,0,5,29.189,29.032,25.592,12.471,15.562,18.305,13.74
26-02-2020 18:30,249,195,75,22,9,2,8,26.471,27.692,23.684,13.171,25.116,18.43,13.534
26-02-2020 19:00,263,178,88,15,1,0,9,22.979,25.234,23.581,14.4,21.429,15,16.119
27-02-2020 09:00,309,202,115,14,6,2,16,34.264,39.706,35.526,18.493,22.817,17.532,12.898
27-02-2020 09:30,320,270,119,15,3,2,4,20.225,29.476,26.892,14.568,18.493,19.471,14.754
27-02-2020 10:00,356,212,112,18,4,2,6,26.892,35.526,27.664,19.636,27.551,22.314,10.858
27-02-2020 10:30,271,213,101,14,6,1,4,25.665,32.297,31.84,16.364,16.564,14.362,17.881
27-02-2020 11:00,220,176,99,19,5,2,6,30.269,28.361,25.376,21.26,19.853,20.611,6.876
27-02-2020 17:00,232,126,74,24,7,3,7,29.867,38.793,26.367,17.749,22.011,25.472,16.718
27-02-2020 17:30,348,172,77,28,7,2,1,23.038,24.501,20.403,21.204,28.723,18.947,11.638
27-02-2020 18:00,322,155,80,16,2,4,5,26.367,31.542,28.723,15.283,25.714,17.197,16.135
27-02-2020 18:30,347,178,91,17,7,2,1,18.802,30.405,21.687,16.265,15.254,21.429,12.939
27-02-2020 19:00,269,127,58,13,2,2,3,22.575,32.609,26.471,16.168,25.472,21.429,14.674
27-02-2020 09:00,206,108,58,13,2,2,5,32.66,42.19,30.45,13.73,23.08,21.43,15.93
27-02-2020 09:30,210,119,70,20,3,3,1,30.22,38.57,28.13,15.34,22.69,28.72,21.09
27-02-2020 10:00,201,171,69,14,4,4,3,28.12,44.02,30.22,12.78,22.38,24.55,14.84
27-02-2020 10:30,237,194,96,22,2,4,2,31.15,34.84,33.47,16.17,21.95,21.43,8.92
27-02-2020 11:00,274,171,100,22,5,3,1,33.75,37.16,30.45,16.17,19.57,20.22,12.86
27-02-2020 17:00,305,190,96,17,11,2,4,27.93,28.32,29.89,12.82,26.13,23.48,14.67
27-02-2020 17:30,229,231,70,19,2,6,5,26.3,37.5,30.68,15.44,28.12,25.23,14.23
27-02-2020 18:00,347,193,79,21,0,1,8,22.88,27.74,25.31,14.3,16.53,9.06,14.59
27-02-2020 18:30,300,206,98,18,9,1,6,23.28,32.66,19.57,13.19,21.77,16.9,13.02
27-02-2020 19:00,289,176,63,7,1,2,6,31.09,37.5,29.14,13.11,23.82,23.28,16.77
28-02-2020 09:00,252,186,101,18,3,2,6,26.265,35.526,30.822,19.795,25.155,21.094,14.026
28-02-2020 09:30,399,244,119,16,7,5,9,23.684,34.974,27.108,18.392,20.642,21.6,12.617
28-02-2020 10:00,274,240,105,22,7,2,3,25.281,33.088,31.991,16.718,24,18.243,17.197
28-02-2020 10:30,257,213,119,15,4,3,1,27.439,28.243,29.476,14.901,29.348,16.168,13.433
28-02-2020 11:00,253,182,109,19,4,3,3,28.846,37.709,30.682,14.634,25.472,20.532,16.463
28-02-2020 17:00,204,109,60,18,8,3,6,25.962,37.088,24.021,25.714,22.131,18.161,10.609
28-02-2020 17:30,308,172,83,14,4,3,3,24.215,30.042,25.592,14.99,20.455,15.698,11.134
28-02-2020 18:00,269,162,75,12,4,2,0,24.107,28.361,26.68,16.833,22.5,18,12
28-02-2020 18:30,244,140,60,14,5,2,3,18.145,9.643,21.739,13.882,18.75,17.161,11.947
28-02-2020 19:00,226,138,63,9,6,5,3,24.194,35.714,31.395,17.089,23.143,19.853,14.136
28-02-2020 09:00,189,93,38,32,4,2,2,29.605,31.25,21.429,14.547,25.962,22.314,13.918
28-02-2020 09:30,165,126,87,20,2,2,5,30.822,37.293,27.328,15.607,21.6,22.101,18
28-02-2020 10:00,237,176,94,13,3,2,1,30.963,40.663,21.028,8.755,23.684,10.266,14.136
28-02-2020 10:30,224,191,88,15,5,3,1,26.367,33.582,25.862,12.95,21.892,25.633,15.169
28-02-2020 11:00,223,175,99,21,5,3,1,28.602,30.543,29.605,14.063,22.351,25,10.887
28-02-2020 17:00,128,52,29,17,17,6,1,2.453,6.109,5.05,1.794,2.252,5.853,12.5
28-02-2020 17:30,311,218,71,26,14,1,0,25.763,29.444,26.367,13.527,20.149,19.708,13.682
28-02-2020 18:00,317,196,76,12,8,5,5,31.991,39.017,30.269,13.882,24.107,20.27,13.811
28-02-2020 18:30,306,184,71,19,11,2,1,8.501,14.803,13.473,7.998,10.757,8.599,13.235
28-02-2020 19:00,283,167,50,11,5,2,6,25.376,26.892,28.97,16.833,24.398,18.881,9.31
